data;region;province;latitude;longitude;av_temperature;rel_humidity;precipitation;wind_speed;human_population;new_cases
15/07/2020;Andalucía;Sevilla;37.3890924;-5.9844589;30.5;38.3;0;11.3;1950219;1
22/07/2020;Andalucía;Sevilla;37.3890924;-5.9844589;27.9;55.6;0;9.7;1950219;0
29/07/2020;Andalucía;Sevilla;37.3890924;-5.9844589;28.7;51.4;0;11.7;1950219;2
05/08/2020;Andalucía;Sevilla;37.3890924;-5.9844589;30.4;42.1;0;9.3;1950219;9
12/08/2020;Andalucía;Sevilla;37.3890924;-5.9844589;24.1;66.3;0;14.5;1950219;19
19/08/2020;Andalucía;Sevilla;37.3890924;-5.9844589;29.2;34.6;0;9.1;1950219;12
26/08/2020;Andalucía;Sevilla;37.3890924;-5.9844589;30.2;44.2;0;8.2;1950219;9
26/08/2020;Andalucía;Cádiz;36.5210142;-6.2804565;26.9;70.5;0;10;1244049;1
02/09/2020;Andalucía;Sevilla;37.3890924;-5.9844589;25;55.9;0;7.7;1950219;1
02/09/2020;Andalucía;Cádiz;36.5210142;-6.2804565;22.8;66.5;0;11.8;1244049;5
09/09/2020;Andalucía;Sevilla;37.3890924;-5.9844589;27;43.8;0;8;1950219;2
09/09/2020;Andalucía;Cádiz;36.5210142;-6.2804565;25.4;56.6;0;15.9;1244049;5
09/09/2020;Extremadura;Badajoz;38.8781352;-6.9704837;23.8;30.2;0;4.4;669943;2
16/09/2020;Andalucía;Sevilla;37.3890924;-5.9844589;25;67.7;0;7.6;1950219;1
16/09/2020;Andalucía;Cádiz;36.5210142;-6.2804565;23.3;80.6;0.4;8.8;1244049;2
16/09/2020;Extremadura;Badajoz;38.8781352;-6.9704837;23.6;54.8;0;6.4;669943;1
23/09/2020;Andalucía;Sevilla;37.3890924;-5.9844589;23;68.9;0.1;10.3;1950219;0
23/09/2020;Andalucía;Cádiz;36.5210142;-6.2804565;23.3;73.7;0;10.9;1244049;1
23/09/2020;Extremadura;Badajoz;38.8781352;-6.9704837;21.5;78.7;0;7.3;669943;2
30/09/2020;Andalucía;Sevilla;37.3890924;-5.9844589;22.5;60.4;0;8.3;1950219;0
30/09/2020;Andalucía;Cádiz;36.5210142;-6.2804565;21.9;68.9;0;8.9;1244049;0
30/09/2020;Extremadura;Badajoz;38.8781352;-6.9704837;20.7;56.6;0;8.2;669943;1
07/10/2020;Andalucía;Sevilla;37.3890924;-5.9844589;23.8;47.2;0;5.6;1950219;0
07/10/2020;Andalucía;Cádiz;36.5210142;-6.2804565;21.4;54.7;0;7.4;1244049;0
07/10/2020;Extremadura;Badajoz;38.8781352;-6.9704837;20.3;58.4;0;4.6;669943;0
14/10/2020;Andalucía;Sevilla;37.3890924;-5.9844589;18.4;45.1;0;8.2;1950219;0
14/10/2020;Andalucía;Cádiz;36.5210142;-6.2804565;18.2;67.7;0;19.8;1244049;0
14/10/2020;Extremadura;Badajoz;38.8781352;-6.9704837;15.2;55.9;0;14.2;669943;0
21/10/2020;Andalucía;Sevilla;37.3890924;-5.9844589;19.8;82.1;14;15.7;1950219;0
21/10/2020;Andalucía;Cádiz;36.5210142;-6.2804565;20.3;82.4;40.1;17.7;1244049;0
21/10/2020;Extremadura;Badajoz;38.8781352;-6.9704837;17.2;83.9;3.4;10.4;669943;0
04/08/2021;Andalucía;Sevilla;37.3890924;-5.9844589;28.3;39;0;12.2;1947852;1
11/08/2021;Andalucía;Sevilla;37.3890924;-5.9844589;29;54.8;0;12.8;1947852;2
18/08/2021;Andalucía;Sevilla;37.3890924;-5.9844589;27.1;60.4;0;14.7;1947852;0
25/08/2021;Andalucía;Sevilla;37.3890924;-5.9844589;26.8;66.5;0;14.8;1947852;2
01/09/2021;Andalucía;Sevilla;37.3890924;-5.9844589;25.3;58.3;0;12.9;1947852;1
08/09/2021;Andalucía;Sevilla;37.3890924;-5.9844589;24.2;61.4;0;14.6;1947852;0
15/09/2021;Andalucía;Sevilla;37.3890924;-5.9844589;22.3;81.6;0;11.9;1947852;0
22/09/2021;Andalucía;Sevilla;37.3890924;-5.9844589;23.6;63.2;0;9.2;1947852;0
29/09/2021;Andalucía;Sevilla;37.3890924;-5.9844589;24.2;52.9;0;8.6;1947852;0
06/10/2021;Andalucía;Sevilla;37.3890924;-5.9844589;22.8;57.3;0;9;1947852;0
13/10/2021;Andalucía;Sevilla;37.3890924;-5.9844589;22.2;67.9;0;8.8;1947852;0
20/10/2021;Andalucía;Sevilla;37.3890924;-5.9844589;22.5;47.6;0;8.4;1947852;0
17/08/2022;Cataluña;Barcelona;41.3873974;2.168568;25.4;75.4;45.9;15.6;5727615;1
24/08/2022;Cataluña;Barcelona;41.3873974;2.168568;26.7;73.5;0;12.7;5727615;0
31/08/2022;Cataluña;Barcelona;41.3873974;2.168568;24.5;74.1;11.6;12.8;5727615;1
07/09/2022;Cataluña;Barcelona;41.3873974;2.168568;25.2;80.5;0;11.3;5727615;0
14/09/2022;Cataluña;Barcelona;41.3873974;2.168568;23.9;80.4;0.1;17.8;5727615;0
21/09/2022;Andalucía;Cádiz;36.5210142;-6.2804565;23;80.5;0;12;1246781;1
21/09/2022;Cataluña;Barcelona;41.3873974;2.168568;21.8;73;0;15.9;5727615;0
28/09/2022;Andalucía;Cádiz;36.5210142;-6.2804565;21.1;78.4;0;18.5;1246781;0
28/09/2022;Cataluña;Barcelona;41.3873974;2.168568;20.8;58.5;0;15.9;5727615;0
05/10/2022;Andalucía;Cádiz;36.5210142;-6.2804565;23.6;62.5;0;16.8;1246781;0
05/10/2022;Cataluña;Barcelona;41.3873974;2.168568;19.9;81;0;13.7;5727615;0
12/10/2022;Andalucía;Cádiz;36.5210142;-6.2804565;21.6;76.5;0;10.5;1246781;0
12/10/2022;Cataluña;Barcelona;41.3873974;2.168568;19.8;79.6;0;13.4;5727615;0
19/10/2022;Andalucía;Cádiz;36.5210142;-6.2804565;22.3;72;0;15.6;1246781;0
19/10/2022;Cataluña;Barcelona;41.3873974;2.168568;21.3;89.6;0;11.3;5727615;0
26/10/2022;Andalucía;Cádiz;36.5210142;-6.2804565;24.1;52.8;0;14.7;1246781;0
26/10/2022;Andalucía;Córdoba;37.8893025;-4.7792753;21.3;57.6;0;8.8;772464;1
26/10/2022;Cataluña;Barcelona;41.3873974;2.168568;20.9;80.1;0;8.1;5727615;0
02/11/2022;Andalucía;Cádiz;36.5210142;-6.2804565;20.4;82.9;0;8.7;1246781;0
02/11/2022;Andalucía;Córdoba;37.8893025;-4.7792753;17.4;64.7;0;5.1;772464;0
02/11/2022;Cataluña;Barcelona;41.3873974;2.168568;18.2;76.7;0;11.7;5727615;0
09/11/2022;Andalucía;Cádiz;36.5210142;-6.2804565;18.9;88.9;10.8;10.3;1246781;0
09/11/2022;Andalucía;Córdoba;37.8893025;-4.7792753;16.7;90.9;6.7;3.6;772464;0
09/11/2022;Cataluña;Barcelona;41.3873974;2.168568;17.4;68.8;23;13.6;5727615;0
26/07/2023;Comunidad Valenciana;Valencia;39.4738338;-0.3756348;27.1;56.9;0;16.1;2656291;1
26/07/2023;Andalucía;Huelva;37.2619585;-6.9427327;24.1;50.2;0;11.3;530824;1
26/07/2023;Cataluña;Barcelona;41.3873974;2.168568;24.7;67.5;0;17.8;5805500;1
02/08/2023;Comunidad Valenciana;Valencia;39.4738338;-0.3756348;30.1;59.5;0;15.3;2656291;0
02/08/2023;Andalucía;Huelva;37.2619585;-6.9427327;29;45.8;0;13.8;530824;0
02/08/2023;Cataluña;Barcelona;41.3873974;2.168568;27.4;75.1;0;19;5805500;0
09/08/2023;Comunidad Valenciana;Valencia;39.4738338;-0.3756348;26.6;71.2;0;11.7;2656291;0
09/08/2023;Andalucía;Huelva;37.2619585;-6.9427327;27;71.8;0;9.7;530824;0
09/08/2023;Cataluña;Barcelona;41.3873974;2.168568;25.3;75;0;15.4;5805500;0
09/08/2023;Extremadura;Badajoz;38.8781352;-6.9704837;29.8;45.6;0;7.6;665089;1
16/08/2023;Comunidad Valenciana;Valencia;39.4738338;-0.3756348;27.2;69.3;0;13.2;2656291;0
16/08/2023;Andalucía;Huelva;37.2619585;-6.9427327;25.5;48.2;0;12.8;530824;0
16/08/2023;Cataluña;Barcelona;41.3873974;2.168568;26.3;72.8;0;16.6;5805500;0
16/08/2023;Extremadura;Badajoz;38.8781352;-6.9704837;24.8;51.2;0;9.6;665089;1
16/08/2023;Andalucía;Sevilla;37.3890924;-5.9844589;26.8;48.3;0;13.2;1957210;1
23/08/2023;Comunidad Valenciana;Valencia;39.4738338;-0.3756348;30;47.3;0;8.9;2656291;0
23/08/2023;Andalucía;Huelva;37.2619585;-6.9427327;30.1;35.8;0;11.4;530824;0
23/08/2023;Cataluña;Barcelona;41.3873974;2.168568;30.2;49.8;0;9.8;5805500;0
23/08/2023;Extremadura;Badajoz;38.8781352;-6.9704837;32.7;27;0;8.3;665089;1
23/08/2023;Andalucía;Sevilla;37.3890924;-5.9844589;32.4;27.8;0;12;1957210;0
30/08/2023;Comunidad Valenciana;Valencia;39.4738338;-0.3756348;23.7;52.1;0;14.5;2656291;0
30/08/2023;Andalucía;Huelva;37.2619585;-6.9427327;25.9;41.6;0;15.4;530824;0
30/08/2023;Cataluña;Barcelona;41.3873974;2.168568;22.4;82.5;3.9;16.9;5805500;0
30/08/2023;Extremadura;Badajoz;38.8781352;-6.9704837;25.6;37.2;0;10.1;665089;0
30/08/2023;Andalucía;Sevilla;37.3890924;-5.9844589;27.5;30.3;0;12;1957210;0
06/09/2023;Comunidad Valenciana;Valencia;39.4738338;-0.3756348;23.9;74.7;0;14.2;2656291;0
06/09/2023;Andalucía;Huelva;37.2619585;-6.9427327;23.4;77.8;0;7.8;530824;0
06/09/2023;Cataluña;Barcelona;41.3873974;2.168568;24.4;70.2;0;14.5;5805500;0
06/09/2023;Extremadura;Badajoz;38.8781352;-6.9704837;24.4;59;0;5.4;665089;0
06/09/2023;Andalucía;Sevilla;37.3890924;-5.9844589;24.1;70;0;8.3;1957210;0
13/09/2023;Comunidad Valenciana;Valencia;39.4738338;-0.3756348;22.8;74.3;0;9.4;2656291;0
13/09/2023;Andalucía;Huelva;37.2619585;-6.9427327;24.6;58;0;10.3;530824;0
13/09/2023;Cataluña;Barcelona;41.3873974;2.168568;24.2;78.9;0;12.4;5805500;0
13/09/2023;Extremadura;Badajoz;38.8781352;-6.9704837;25.1;53.2;0;6.2;665089;3
13/09/2023;Andalucía;Sevilla;37.3890924;-5.9844589;25.4;59.1;0;8.7;1957210;0
13/09/2023;Extremadura;Cáceres;39.4755328;-6.3734664;23.7;56.5;0;8.2;387434;2
13/09/2023;Castilla-La Mancha;Toledo;39.8628296;-4.0273067;22.6;62.4;0;7.1;728496;1
20/09/2023;Comunidad Valenciana;Valencia;39.4738338;-0.3756348;22.3;66;0;14.4;2656291;0
20/09/2023;Andalucía;Huelva;37.2619585;-6.9427327;22;55.5;0;12;530824;0
20/09/2023;Cataluña;Barcelona;41.3873974;2.168568;21.5;87.5;0;15.2;5805500;0
20/09/2023;Extremadura;Badajoz;38.8781352;-6.9704837;21.4;65.3;0;10.5;665089;0
20/09/2023;Andalucía;Sevilla;37.3890924;-5.9844589;22.5;67.4;0;11;1957210;0
20/09/2023;Extremadura;Cáceres;39.4755328;-6.3734664;19.1;62.3;0;10.6;387434;1
20/09/2023;Castilla-La Mancha;Toledo;39.8628296;-4.0273067;20.4;57.2;0;10;728496;0
27/09/2023;Comunidad Valenciana;Valencia;39.4738338;-0.3756348;21.8;74.4;0;12.1;2656291;0
27/09/2023;Andalucía;Huelva;37.2619585;-6.9427327;23.1;58.7;0;8.3;530824;0
27/09/2023;Cataluña;Barcelona;41.3873974;2.168568;21.4;76.1;0;16.8;5805500;0
27/09/2023;Extremadura;Badajoz;38.8781352;-6.9704837;23.7;60.8;0;4.5;665089;2
27/09/2023;Andalucía;Sevilla;37.3890924;-5.9844589;24.3;55.5;0;6.7;1957210;0
27/09/2023;Extremadura;Cáceres;39.4755328;-6.3734664;23.1;53.2;0;8.2;387434;0
27/09/2023;Castilla-La Mancha;Toledo;39.8628296;-4.0273067;23.2;60.7;0;7.4;728496;0
04/10/2023;Comunidad Valenciana;Valencia;39.4738338;-0.3756348;23.2;76.7;0;11.6;2656291;0
04/10/2023;Andalucía;Huelva;37.2619585;-6.9427327;24.4;64.5;0;7.9;530824;0
04/10/2023;Cataluña;Barcelona;41.3873974;2.168568;23.4;74.5;0;14.8;5805500;0
04/10/2023;Extremadura;Badajoz;38.8781352;-6.9704837;25.2;50.4;0;4.8;665089;0
04/10/2023;Andalucía;Sevilla;37.3890924;-5.9844589;25.5;50.2;0;5.9;1957210;0
04/10/2023;Extremadura;Cáceres;39.4755328;-6.3734664;24.5;42.5;0;7.9;387434;1
04/10/2023;Castilla-La Mancha;Toledo;39.8628296;-4.0273067;24.2;59.7;0;7.7;728496;0
11/10/2023;Comunidad Valenciana;Valencia;39.4738338;-0.3756348;20.3;75.5;0;10.1;2656291;0
11/10/2023;Andalucía;Huelva;37.2619585;-6.9427327;22.9;70.7;0;8.5;530824;0
11/10/2023;Cataluña;Barcelona;41.3873974;2.168568;20.6;83.2;0;13;5805500;0
11/10/2023;Extremadura;Badajoz;38.8781352;-6.9704837;22.6;44.3;0;4.3;665089;1
11/10/2023;Andalucía;Sevilla;37.3890924;-5.9844589;23.3;59;0;5.9;1957210;0
11/10/2023;Extremadura;Cáceres;39.4755328;-6.3734664;22.7;37;0;6.8;387434;0
11/10/2023;Castilla-La Mancha;Toledo;39.8628296;-4.0273067;21.6;48.4;0;6;728496;0
18/10/2023;Comunidad Valenciana;Valencia;39.4738338;-0.3756348;23.7;57.1;0;19.4;2656291;0
18/10/2023;Andalucía;Huelva;37.2619585;-6.9427327;22.1;79.3;7.9;16.8;530824;0
18/10/2023;Cataluña;Barcelona;41.3873974;2.168568;22;79.3;0;15;5805500;0
18/10/2023;Extremadura;Badajoz;38.8781352;-6.9704837;19.7;80.4;8.2;9.6;665089;1
18/10/2023;Andalucía;Sevilla;37.3890924;-5.9844589;21.9;75.7;2.1;19.8;1957210;0
18/10/2023;Extremadura;Cáceres;39.4755328;-6.3734664;17.9;84;13.2;20.6;387434;0
18/10/2023;Castilla-La Mancha;Toledo;39.8628296;-4.0273067;20;74;2.8;17.6;728496;0
25/10/2023;Comunidad Valenciana;Valencia;39.4738338;-0.3756348;21.3;47.4;0;24;2656291;0
25/10/2023;Andalucía;Huelva;37.2619585;-6.9427327;20.4;86.1;7.4;13.3;530824;0
25/10/2023;Cataluña;Barcelona;41.3873974;2.168568;19.3;55.5;0;17.7;5805500;0
25/10/2023;Extremadura;Badajoz;38.8781352;-6.9704837;18.7;82.3;0.6;8.4;665089;0
25/10/2023;Andalucía;Sevilla;37.3890924;-5.9844589;19.8;81.8;0;15.4;1957210;0
25/10/2023;Extremadura;Cáceres;39.4755328;-6.3734664;16.8;85;8.6;17.1;387434;1
25/10/2023;Castilla-La Mancha;Toledo;39.8628296;-4.0273067;16.1;78.4;0;13.6;728496;0
01/11/2023;Comunidad Valenciana;Valencia;39.4738338;-0.3756348;19.2;48.9;0;21.4;2656291;0
01/11/2023;Andalucía;Huelva;37.2619585;-6.9427327;17.1;85.8;0;11.6;530824;0
01/11/2023;Cataluña;Barcelona;41.3873974;2.168568;15.4;66.8;0;15.4;5805500;0
01/11/2023;Extremadura;Badajoz;38.8781352;-6.9704837;16.8;82.9;3.6;9;665089;0
01/11/2023;Andalucía;Sevilla;37.3890924;-5.9844589;15.6;87.3;0.1;10.8;1957210;0
01/11/2023;Extremadura;Cáceres;39.4755328;-6.3734664;15.1;89.5;0.5;20.2;387434;0
01/11/2023;Castilla-La Mancha;Toledo;39.8628296;-4.0273067;13.6;82;0.6;11.9;728496;0
08/11/2023;Comunidad Valenciana;Valencia;39.4738338;-0.3756348;14.5;51;0.2;15.4;2656291;0
08/11/2023;Andalucía;Huelva;37.2619585;-6.9427327;13.9;80.5;0;5.4;530824;0
08/11/2023;Cataluña;Barcelona;41.3873974;2.168568;11.7;62;0.4;15.2;5805500;0
08/11/2023;Extremadura;Badajoz;38.8781352;-6.9704837;12.7;83.2;0.6;4;665089;0
08/11/2023;Andalucía;Sevilla;37.3890924;-5.9844589;12.3;76.1;0.3;5.6;1957210;0
08/11/2023;Extremadura;Cáceres;39.4755328;-6.3734664;11.8;81.2;0;9.3;387434;0
08/11/2023;Castilla-La Mancha;Toledo;39.8628296;-4.0273067;10.1;81.9;0.4;5.9;728496;0
20/06/2024;Andalucía;Sevilla;37.3890924;-5.9844589;20;63.9;0;14.6;1967746;1
27/06/2024;Andalucía;Sevilla;37.3890924;-5.9844589;22.7;61.6;0;14.1;1967746;3
04/07/2024;Andalucía;Málaga;36.7178196;-4.425557;25.8;49.3;0;9;1773136;1
04/07/2024;Andalucía;Sevilla;37.3890924;-5.9844589;31.5;35.4;0;8.7;1967746;4
11/07/2024;Andalucía;Málaga;36.7178196;-4.425557;24.1;56.2;0;11.8;1773136;0
11/07/2024;Andalucía;Sevilla;37.3890924;-5.9844589;31.3;40.9;0;12.7;1967746;9
18/07/2024;Andalucía;Málaga;36.7178196;-4.425557;25.3;77.8;0;11.3;1773136;0
18/07/2024;Andalucía;Sevilla;37.3890924;-5.9844589;29.8;37.2;0;8;1967746;4
25/07/2024;Andalucía;Málaga;36.7178196;-4.425557;24.4;44.5;0;13;1773136;0
25/07/2024;Andalucía;Sevilla;37.3890924;-5.9844589;31.3;41.6;0;15.7;1967746;14
01/08/2024;Andalucía;Málaga;36.7178196;-4.425557;30;50.3;0;14.8;1773136;0
01/08/2024;Andalucía;Sevilla;37.3890924;-5.9844589;30;45;0;13;1967746;18
07/08/2024;Andalucía;Cádiz;36.5210142;-6.2804565;24.1;83;0;13;1254291;1
07/08/2024;Andalucía;Huelva;37.2619585;-6.9427327;26.9;56.2;0;9.5;533448;1
07/08/2024;Andalucía;Málaga;36.7178196;-4.425557;26.3;52.9;0;12.3;1773136;0
07/08/2024;Andalucía;Sevilla;37.3890924;-5.9844589;29.3;53.7;0;10.3;1967746;5
14/08/2024;Extremadura;Badajoz;38.8781352;-6.9704837;26;50.7;0;11.7;664970;8
14/08/2024;Andalucía;Cádiz;36.5210142;-6.2804565;24.5;68.2;0;25.6;1254291;0
14/08/2024;Andalucía;Huelva;37.2619585;-6.9427327;24.8;57.9;0;15;533448;0
14/08/2024;Andalucía;Jaén;37.779552;-3.7849699;27.6;32;0;12;618678;1
14/08/2024;Andalucía;Málaga;36.7178196;-4.425557;30.3;37.2;0;22.6;1773136;0
14/08/2024;Andalucía;Sevilla;37.3890924;-5.9844589;27.5;42.2;0;13.4;1967746;9
21/08/2024;Extremadura;Badajoz;38.8781352;-6.9704837;28.8;42.5;0;8.3;664970;10
21/08/2024;Extremadura;Cáceres;39.4755328;-6.3734664;30.7;26.5;0;12.3;387820;2
21/08/2024;Andalucía;Cádiz;36.5210142;-6.2804565;25.4;79.7;0;16.8;1254291;0
21/08/2024;Andalucía;Córdoba;37.8893025;-4.7792753;30.8;40.9;0;12.4;772152;2
21/08/2024;Andalucía;Huelva;37.2619585;-6.9427327;26.4;59;0;10.3;533448;0
21/08/2024;Andalucía;Jaén;37.779552;-3.7849699;30.3;43;0;9.2;618678;0
21/08/2024;Andalucía;Málaga;36.7178196;-4.425557;26.5;79.5;0;11.3;1773136;0
21/08/2024;Andalucía;Sevilla;37.3890924;-5.9844589;29.3;50.4;0;12;1967746;10
28/08/2024;Extremadura;Badajoz;38.8781352;-6.9704837;26.3;38;0;9.2;664970;4
28/08/2024;Extremadura;Cáceres;39.4755328;-6.3734664;28.1;31.8;0;9.2;387820;1
28/08/2024;Andalucía;Cádiz;36.5210142;-6.2804565;24.4;83.5;0;11.3;1254291;0
28/08/2024;Andalucía;Córdoba;37.8893025;-4.7792753;29.8;49;0.1;10.5;772152;1
28/08/2024;Andalucía;Huelva;37.2619585;-6.9427327;25.3;77.5;0;9.9;533448;1
28/08/2024;Andalucía;Jaén;37.779552;-3.7849699;29.6;42.1;1.6;9.5;618678;1
28/08/2024;Andalucía;Málaga;36.7178196;-4.425557;26.1;82.5;0;9.8;1773136;0
28/08/2024;Andalucía;Sevilla;37.3890924;-5.9844589;28.4;62.3;0;10.2;1967746;9
04/09/2024;Extremadura;Badajoz;38.8781352;-6.9704837;24.4;41.4;0;9.4;664970;3
04/09/2024;Extremadura;Cáceres;39.4755328;-6.3734664;24.8;46.4;0;9.4;387820;1
04/09/2024;Andalucía;Cádiz;36.5210142;-6.2804565;25;79.6;0;9.7;1254291;0
04/09/2024;Andalucía;Córdoba;37.8893025;-4.7792753;23.9;49.9;0;8.7;772152;0
04/09/2024;Andalucía;Huelva;37.2619585;-6.9427327;23;57.9;0;11.6;533448;0
04/09/2024;Andalucía;Jaén;37.779552;-3.7849699;24.1;39.2;0;7.9;618678;0
04/09/2024;Andalucía;Málaga;36.7178196;-4.425557;26.8;48.5;0;14.2;1773136;0
04/09/2024;Andalucía;Sevilla;37.3890924;-5.9844589;24.9;61.8;0;11.3;1967746;2
11/09/2024;Extremadura;Badajoz;38.8781352;-6.9704837;23.3;46;0;9;664970;1
11/09/2024;Extremadura;Cáceres;39.4755328;-6.3734664;24.7;34.8;0;12;387820;2
11/09/2024;Andalucía;Cádiz;36.5210142;-6.2804565;21.7;82;0;18.8;1254291;2
11/09/2024;Andalucía;Córdoba;37.8893025;-4.7792753;23.1;49.3;0;12;772152;0
11/09/2024;Andalucía;Huelva;37.2619585;-6.9427327;21.8;61.6;0;12.1;533448;0
11/09/2024;Andalucía;Jaén;37.779552;-3.7849699;23.3;45.9;0;9.7;618678;2
11/09/2024;Andalucía;Málaga;36.7178196;-4.425557;22.1;62.5;0;10.7;1773136;0
11/09/2024;Andalucía;Sevilla;37.3890924;-5.9844589;24;66.4;0;12.4;1967746;1
18/09/2024;Extremadura;Badajoz;38.8781352;-6.9704837;22.9;58.6;0;5.2;664970;0
18/09/2024;Extremadura;Cáceres;39.4755328;-6.3734664;22.4;57.8;0;8.6;387820;0
18/09/2024;Andalucía;Cádiz;36.5210142;-6.2804565;23.7;62.8;0;28.2;1254291;0
18/09/2024;Andalucía;Córdoba;37.8893025;-4.7792753;24.8;55.5;0;9.1;772152;0
18/09/2024;Andalucía;Huelva;37.2619585;-6.9427327;22.4;75.3;0;12.7;533448;0
18/09/2024;Andalucía;Jaén;37.779552;-3.7849699;23.1;53.5;0;10;618678;0
18/09/2024;Andalucía;Málaga;36.7178196;-4.425557;22.7;73.7;0;11.7;1773136;0
18/09/2024;Andalucía;Sevilla;37.3890924;-5.9844589;24.1;65.5;0;9.6;1967746;1
25/09/2024;Extremadura;Badajoz;38.8781352;-6.9704837;22.6;78.8;0.2;10.7;664970;0
25/09/2024;Extremadura;Cáceres;39.4755328;-6.3734664;20.7;82;2.3;15.5;387820;0
25/09/2024;Andalucía;Cádiz;36.5210142;-6.2804565;22;84.9;0;17.3;1254291;0
25/09/2024;Andalucía;Córdoba;37.8893025;-4.7792753;21.5;71.3;0;7.1;772152;0
25/09/2024;Andalucía;Huelva;37.2619585;-6.9427327;22.5;84.3;0.8;12.7;533448;0
25/09/2024;Andalucía;Jaén;37.779552;-3.7849699;19.6;59.5;0;10.8;618678;0
25/09/2024;Andalucía;Málaga;36.7178196;-4.425557;25.4;51;0;16.5;1773136;0
25/09/2024;Andalucía;Sevilla;37.3890924;-5.9844589;23;77.9;0.2;15.5;1967746;0
25/09/2024;Castilla-La Mancha;Toledo;39.8628296;-4.0273067;20.1;67.5;0;12.3;740148;1
02/10/2024;Extremadura;Badajoz;38.8781352;-6.9704837;22.2;74.7;0;11.7;664970;0
02/10/2024;Extremadura;Cáceres;39.4755328;-6.3734664;20.8;80;0;16.4;387820;0
02/10/2024;Andalucía;Cádiz;36.5210142;-6.2804565;22.7;80;0;24.8;1254291;0
02/10/2024;Andalucía;Córdoba;37.8893025;-4.7792753;23.3;45.3;0;8.9;772152;0
02/10/2024;Andalucía;Huelva;37.2619585;-6.9427327;24;63.2;0;13.8;533448;0
02/10/2024;Andalucía;Jaén;37.779552;-3.7849699;23.4;45.9;0.4;12.5;618678;0
02/10/2024;Andalucía;Málaga;36.7178196;-4.425557;26.4;41.1;0;15.5;1773136;0
02/10/2024;Andalucía;Sevilla;37.3890924;-5.9844589;24.6;56.8;0;12.4;1967746;1
02/10/2024;Castilla-La Mancha;Toledo;39.8628296;-4.0273067;21.9;65.3;0;16.2;740148;0
09/10/2024;Extremadura;Badajoz;38.8781352;-6.9704837;20.1;79.6;1.6;17.3;664970;0
09/10/2024;Extremadura;Cáceres;39.4755328;-6.3734664;17.8;84.8;4.8;26.3;387820;0
09/10/2024;Andalucía;Cádiz;36.5210142;-6.2804565;21.5;84.4;1;31.9;1254291;0
09/10/2024;Andalucía;Córdoba;37.8893025;-4.7792753;20.1;85.3;2.9;22.2;772152;0
09/10/2024;Andalucía;Huelva;37.2619585;-6.9427327;20.5;81.9;0;19.8;533448;0
09/10/2024;Andalucía;Jaén;37.779552;-3.7849699;18.6;72.4;0.4;22.4;618678;0
09/10/2024;Andalucía;Málaga;36.7178196;-4.425557;21;66.1;0;13.1;1773136;0
09/10/2024;Andalucía;Sevilla;37.3890924;-5.9844589;20.9;85.2;3.6;21.9;1967746;1
09/10/2024;Castilla-La Mancha;Toledo;39.8628296;-4.0273067;19.1;74.4;0.4;21.2;740148;0
16/10/2024;Extremadura;Badajoz;38.8781352;-6.9704837;20.2;81.7;5.4;11.9;664970;0
16/10/2024;Extremadura;Cáceres;39.4755328;-6.3734664;18.4;85.8;19.6;19.9;387820;0
16/10/2024;Andalucía;Cádiz;36.5210142;-6.2804565;21.2;88;1.8;29.9;1254291;0
16/10/2024;Andalucía;Córdoba;37.8893025;-4.7792753;20.8;84.2;12.7;19.1;772152;0
16/10/2024;Andalucía;Huelva;37.2619585;-6.9427327;21.2;85.1;20.5;19.5;533448;0
16/10/2024;Andalucía;Jaén;37.779552;-3.7849699;20.5;70.4;6.4;21.3;618678;0
16/10/2024;Andalucía;Málaga;36.7178196;-4.425557;18.9;88.4;2.2;9.6;1773136;0
16/10/2024;Andalucía;Sevilla;37.3890924;-5.9844589;20.3;86.3;22.2;21.3;1967746;0
16/10/2024;Castilla-La Mancha;Toledo;39.8628296;-4.0273067;19.1;77.5;16.2;15.7;740148;0
23/10/2024;Extremadura;Badajoz;38.8781352;-6.9704837;18.8;74.1;0;8.6;664970;0
23/10/2024;Extremadura;Cáceres;39.4755328;-6.3734664;18.7;73.7;0;12.5;387820;0
23/10/2024;Andalucía;Cádiz;36.5210142;-6.2804565;21.1;69.7;0;30.8;1254291;0
23/10/2024;Andalucía;Córdoba;37.8893025;-4.7792753;19.9;70.7;0;5.8;772152;0
23/10/2024;Andalucía;Huelva;37.2619585;-6.9427327;20.7;74.9;0;8.1;533448;0
23/10/2024;Andalucía;Jaén;37.779552;-3.7849699;20.7;68.8;0;10.6;618678;0
23/10/2024;Andalucía;Málaga;36.7178196;-4.425557;18.9;82;0;10;1773136;0
23/10/2024;Andalucía;Sevilla;37.3890924;-5.9844589;20.1;71.3;0;8.2;1967746;0
23/10/2024;Castilla-La Mancha;Toledo;39.8628296;-4.0273067;17.2;77.1;0;12.4;740148;0
30/10/2024;Extremadura;Badajoz;38.8781352;-6.9704837;13.1;89.3;1.4;11.5;664970;0
30/10/2024;Extremadura;Cáceres;39.4755328;-6.3734664;13.2;86;14.4;12.2;387820;0
30/10/2024;Andalucía;Cádiz;36.5210142;-6.2804565;16.7;90.3;53.4;27.1;1254291;0
30/10/2024;Andalucía;Córdoba;37.8893025;-4.7792753;13.7;89.7;10.2;12.2;772152;0
30/10/2024;Andalucía;Huelva;37.2619585;-6.9427327;14.2;86.3;8.4;8.9;533448;0
30/10/2024;Andalucía;Jaén;37.779552;-3.7849699;13.4;75;0;10;618678;0
30/10/2024;Andalucía;Málaga;36.7178196;-4.425557;15.8;79.7;2.7;18.2;1773136;0
30/10/2024;Andalucía;Sevilla;37.3890924;-5.9844589;13.8;93.8;42.4;9.1;1967746;0
30/10/2024;Castilla-La Mancha;Toledo;39.8628296;-4.0273067;14.4;77.4;0;10.9;740148;0
